<?xml version="1.0" encoding="UTF-8"?>
<metadata xml:lang="en"><Esri><CreaDate>20170217</CreaDate><CreaTime>12354900</CreaTime><ArcGISFormat>1.0</ArcGISFormat><SyncOnce>TRUE</SyncOnce><DataProperties><itemProps><itemLocation><linkage Sync="TRUE">file://\\DESKTOP-VCFCUT2\Users\Gabrielle\Google Drive\ThompsonFire\SEQKI\SEKI Imagery Work\Watersheds\wbdhu12_a_ca</linkage><protocol Sync="TRUE">Local Area Network</protocol></itemLocation></itemProps><copyHistory><copy source="C:\Users\Gabrielle\Google Drive\ThompsonFire\GPSstuff\hydrologic_units\wbdhu12_a_ca" dest="\\DESKTOP-VCFCUT2\Users\Gabrielle\Google Drive\ThompsonFire\SEQKI\SEKI Imagery Work\Watersheds\wbdhu12_a_ca" date="20170217" time="12354900"></copy></copyHistory></DataProperties></Esri></metadata>
